period,strategy,total_pnl_gbp,pnl_per_year_gbp,max_drawdown_gbp,worst_day_gbp,time_in_market_pct,days,sharpe_annualised,worst_day,worst_week_gbp,profitable_days_pct,hit_rate_halfhours_pct,net_of_always_short_gbp
validation,Do nothing (0MW),0.0,0.0,0.0,0.0,0.0,1371,,,,,,-145009.37499999997
validation,Always long (+25MW),-145009.37499999997,-38605.70523340626,-537628.75,-73766.25,100.0,1371,-0.1525078971053503,2025-01-22,-174389.625,48.14004376367615,48.32765750425687,-290018.74999999994
validation,Always short (-25MW),145009.37499999997,38605.70523340626,-369162.875,-320262.25,100.0,1371,0.1525078971053503,2025-01-08,-292870.875,51.85995623632385,51.61761128679153,0.0
validation,V1: short above +10%,185559.125,49401.22583880379,-332431.625,-326721.625,22.0156288007784,1371,0.254164267484854,2025-01-08,-279473.625,50.74626865671642,42.918306746771634,40549.75000000003
validation,V2: V1 + tight-system guard,278082.875,74033.73404449307,-78485.625,-47481.25,20.376733154950134,1371,1.1814234490614035,2026-06-23,-29587.25,50.59008654602675,42.1472804595986,133073.50000000003
train,Do nothing (0MW),0.0,0.0,0.0,0.0,0.0,2557,,,,,,-2915848.5
train,Always long (+25MW),-2915848.5,-416223.97438404383,-3321190.25,-192853.875,100.0,2557,-1.1632827962297687,2021-09-16,-513924.75,44.19241298396558,44.17288460435897,-5831697.0
train,Always short (-25MW),2915848.5,416223.97438404383,-727332.0,-408773.75,100.0,2557,1.1632827962297687,2021-09-09,-433927.125,55.80758701603441,55.74602966591041,0.0
train,V1: short above +10%,3286799.125,469175.47149980447,-571837.5,-406495.25,43.28339872064738,2557,1.5333119714440056,2021-09-09,-424769.75,60.646687697160885,53.05604965371078,370950.625
train,V2: V1 + tight-system guard,3007014.375,429237.4841122409,-550519.75,-406495.25,34.62688278607291,2557,1.7960102657402317,2021-09-09,-424769.75,59.91100323624595,51.254819405350425,91165.875
full,Do nothing (0MW),0.0,0.0,0.0,0.0,0.0,3928,,,,,,-3060857.875
full,Always long (+25MW),-3060857.875,-284422.89317082486,-3321190.25,-192853.875,100.0,3928,-0.8745450965654867,2021-09-16,-513924.75,45.57026476578411,45.627538337884374,-6121715.75
full,Always short (-25MW),3060857.875,284422.89317082486,-727332.0,-408773.75,100.0,3928,0.8745450965654867,2021-09-09,-433927.125,54.42973523421588,54.30060307980561,0.0
full,V1: short above +10%,3472358.25,322660.5807662933,-571837.5,-406495.25,35.83720571249115,3928,1.1842814887056232,2021-09-09,-424769.75,57.33788395904437,50.87557740579559,411500.375
full,V2: V1 + tight-system guard,3285097.25,305259.8004709776,-550519.75,-406495.25,29.63767305941906,3928,1.5532125220063746,2021-09-09,-424769.75,56.74592572802565,49.0625,224239.375
