month,always_long,always_short,v1,v2
2016-01,49504.375,-49504.375,-2088.000000000001,3507.3749999999995
2016-02,34896.0,-34896.0,-5091.375,-4865.374999999999
2016-03,26199.125,-26199.125,-25508.875,18000.0
2016-04,41892.62500000001,-41892.62500000001,-3879.3750000000014,-4763.000000000002
2016-05,-83969.625,83969.625,52739.0,55988.625
2016-06,15786.000000000002,-15786.000000000002,9488.75,11114.75
2016-07,-47110.0,47110.0,47713.125,47713.125
2016-08,-65317.125,65317.125,42249.5,52428.5
2016-09,-139326.75,139326.75,126761.5,22712.75
2016-10,-111250.75,111250.75,80942.875,23107.25
2016-11,120567.0,-120567.0,-66918.625,-8723.25
2016-12,-61201.625,61201.625,48676.875,1658.1250000000005
2017-01,26738.125,-26738.125,-7077.374999999998,7032.75
2017-02,-53193.25,53193.25,30265.375,17021.0
2017-03,-41907.5,41907.5,19738.0,25365.75
2017-04,-70945.125,70945.125,47901.5,47454.25
2017-05,145605.75,-145605.75,-105695.125,-22523.000000000004
2017-06,-53387.24999999999,53387.24999999999,46921.75,46921.75
2017-07,-67657.0,67657.0,69184.25,63168.125
2017-08,-45841.625,45841.625,38151.625,37846.875
2017-09,-2375.124999999999,2375.124999999999,25540.0,10742.375
2017-10,-51889.5,51889.5,45527.375,38715.75
2017-11,-31548.624999999993,31548.624999999993,44125.62499999999,10439.624999999996
2017-12,36735.125,-36735.125,-1559.125000000001,172.74999999999923
2018-01,12427.500000000002,-12427.500000000002,1916.7499999999989,10429.75
2018-02,22705.375,-22705.375,15219.875,1407.8749999999995
2018-03,220541.625,-220541.625,-48882.375,3771.5000000000005
2018-04,-5339.124999999999,5339.124999999999,10769.0,22073.25
2018-05,-74118.0,74118.0,35842.625,37795.0
2018-06,-37071.375,37071.375,43870.75,43870.75
2018-07,5833.000000000003,-5833.000000000003,18001.875,18001.875
2018-08,-51824.125,51824.125,27098.125000000004,26952.500000000004
2018-09,-71420.25,71420.25,36868.75,37313.75
2018-10,-18152.0,18152.0,27064.625,18349.874999999996
2018-11,9453.875000000004,-9453.875000000004,27632.874999999996,10431.749999999996
2018-12,-31798.374999999996,31798.374999999996,32799.875,5760.749999999999
2019-01,-23018.625,23018.625,16776.624999999996,10799.5
2019-02,-27441.750000000004,27441.750000000004,17251.0,16258.5
2019-03,-20910.124999999996,20910.124999999996,5926.75,3355.8749999999995
2019-04,-16103.625,16103.625,20342.75,15292.5
2019-05,-35272.75,35272.75,19772.0,17316.75
2019-06,54231.5,-54231.5,-27524.875,-27524.875
2019-07,-19188.124999999996,19188.124999999996,15937.5,15937.5
2019-08,-12474.375000000002,12474.375000000002,13450.375,13450.375
2019-09,-72268.0,72268.0,43019.625,36507.375
2019-10,4493.500000000001,-4493.500000000001,14869.499999999998,8716.5
2019-11,-6131.500000000003,6131.500000000003,10611.500000000002,1940.0000000000018
2019-12,-11383.999999999996,11383.999999999996,19072.375,13363.124999999998
2020-01,-5030.249999999999,5030.249999999999,768.8749999999995,4544.499999999999
2020-02,32227.875,-32227.875,-7849.500000000001,-9988.875000000002
2020-03,-45736.125,45736.125,7640.625,42377.5
2020-04,-3982.374999999996,3982.374999999996,16229.874999999998,16229.874999999998
2020-05,28998.625000000004,-28998.625000000004,-3144.750000000002,-3144.750000000002
2020-06,-3291.1249999999995,3291.1249999999995,-13928.75,-13928.75
2020-07,-29046.875,29046.875,34869.625,34869.625
2020-08,-10637.374999999995,10637.374999999995,32796.375,32796.375
2020-09,-7550.25,7550.25,5704.999999999999,2196.374999999999
2020-10,-5755.000000000001,5755.000000000001,17201.25,5846.625
2020-11,-73516.5,73516.5,60502.0,33285.125
2020-12,78209.125,-78209.125,-71923.0,-5605.750000000001
2021-01,-41250.375,41250.375,45762.75,7343.499999999998
2021-02,-22301.625,22301.625,14505.749999999998,11865.999999999998
2021-03,-39500.74999999999,39500.74999999999,33884.125,18828.749999999996
2021-04,124970.125,-124970.125,-128053.0,-14891.750000000002
2021-05,45291.62500000001,-45291.62500000001,21898.124999999996,21898.124999999996
2021-06,-24558.624999999996,24558.624999999996,21684.5,21684.5
2021-07,41123.75,-41123.75,-7493.874999999999,-7493.874999999999
2021-08,11245.75,-11245.75,14578.500000000002,14578.500000000002
2021-09,-186737.375,186737.375,189603.125,189603.125
2021-10,-419567.25,419567.25,342310.0,314591.25
2021-11,-34839.000000000015,34839.000000000015,99084.25,-2710.749999999994
2021-12,-465523.75,465523.75,358574.625,37797.87500000001
2022-01,289460.875,-289460.875,-271572.125,15649.875000000004
2022-02,-136425.25,136425.25,61352.25,48659.125
2022-03,-324403.25,324403.25,83458.0,71132.25
2022-04,-88682.5,88682.5,102179.25,102179.25
2022-05,-82030.125,82030.125,93299.0,93299.0
2022-06,10631.874999999993,-10631.874999999993,66755.625,66755.625
2022-07,-214905.25,214905.25,198538.625,198538.625
2022-08,-496700.75,496700.75,447458.25,447458.25
2022-09,-299864.625,299864.625,285842.375,285842.375
2022-10,12252.875000000002,-12252.875000000002,71240.25,71240.25
2022-11,-137665.0,137665.0,136284.25,6032.999999999997
2022-12,242466.875,-242466.875,-29060.250000000004,-14155.000000000004
2023-01,57771.375,-57771.375,42529.875,24563.25
2023-02,-11439.874999999998,11439.874999999998,14371.250000000002,13182.250000000002
2023-03,219444.75,-219444.75,-116428.75,-54345.0
2023-04,-76246.625,76246.625,4437.0,4437.0
2023-05,-96004.5,96004.5,32672.0,32672.0
2023-06,111557.625,-111557.625,-20645.125000000004,-20645.125000000004
2023-07,-19794.75,19794.75,18931.625,18931.625
2023-08,-66751.875,66751.875,23399.375,23399.375
2023-09,-52658.12499999999,52658.12499999999,33530.625,33530.625
2023-10,140811.875,-140811.875,-3216.249999999998,-3342.499999999998
2023-11,-84355.62499999999,84355.62499999999,37245.375,13275.75
2023-12,-908.3750000000048,908.3750000000048,23113.875000000004,21653.5
2024-01,19175.250000000004,-19175.250000000004,11669.499999999998,5182.499999999998
2024-02,-28843.374999999996,28843.374999999996,3636.3749999999995,3719.6249999999995
2024-03,44005.62500000001,-44005.62500000001,-14134.875,-12672.75
2024-04,-82874.5,82874.5,3225.874999999999,3225.874999999999
2024-05,-16567.749999999996,16567.749999999996,-2227.2500000000005,-2227.2500000000005
2024-06,-40758.74999999999,40758.74999999999,370.24999999999824,370.24999999999824
2024-07,31094.875000000004,-31094.875000000004,116.99999999999854,116.99999999999854
2024-08,-54493.5,54493.5,6162.749999999998,6162.749999999998
2024-09,33140.62500000001,-33140.62500000001,1329.8749999999986,1329.8749999999986
2024-10,-36302.24999999999,36302.24999999999,9725.374999999998,19746.499999999996
2024-11,-60316.5,60316.5,58443.37499999999,32916.375
2024-12,-58540.62499999999,58540.62499999999,44361.875,-2266.875000000001
2025-01,85837.625,-85837.625,-96088.125,10216.999999999998
2025-02,-84365.125,84365.125,27994.874999999996,23536.75
2025-03,-17167.249999999996,17167.249999999996,4294.124999999998,9190.75
2025-04,-66837.125,66837.125,22471.75,22471.75
2025-05,8331.625000000002,-8331.625000000002,-3933.8750000000005,-3933.8750000000005
2025-06,32571.875000000007,-32571.875000000007,-23182.125,-23182.125
2025-07,-8620.124999999993,8620.124999999993,32334.125,32334.125
2025-08,6630.750000000002,-6630.750000000002,-4854.0,-4854.0
2025-09,-34166.25,34166.25,8766.249999999998,8766.249999999998
2025-10,110327.875,-110327.875,-22963.375000000004,-22963.375000000004
2025-11,-38312.87499999999,38312.87499999999,35672.0,26618.375
2025-12,4538.125000000005,-4538.125000000005,13187.749999999998,13509.249999999998
2026-01,101118.125,-101118.125,-39292.75,4087.249999999998
2026-02,-8161.874999999999,8161.874999999999,4085.8749999999995,4922.499999999999
2026-03,19438.875000000007,-19438.875000000007,11011.749999999998,11011.749999999998
2026-04,12862.000000000005,-12862.000000000005,2908.249999999999,2908.249999999999
2026-05,-31588.5,31588.5,-8757.875,-8757.875
2026-06,-53788.625,53788.625,1532.7500000000007,1532.7500000000007
2026-07,-15044.999999999993,15044.999999999993,16866.625,16866.625
2026-08,69864.875,-69864.875,-22309.250000000004,-22309.250000000004
2026-09,-100898.75,100898.75,13974.749999999998,13974.749999999998
2026-10,-7724.625,7724.625,-781.3749999999995,-781.3749999999995
