date_utc,period,blocked_halfhours,v2_minus_v1_gbp
2016-01-02,train,5,547.5
2016-01-03,train,4,-424.00000000000006
2016-01-04,train,20,-2712.375
2016-01-05,train,21,2408.2500000000005
2016-01-06,train,18,-2280.125
2016-01-07,train,16,1652.25
2016-01-08,train,24,-958.8749999999999
2016-01-09,train,12,-2090.75
2016-01-10,train,7,6634.5
2016-01-11,train,20,-4074.5
2016-01-12,train,18,-1301.6249999999998
2016-01-13,train,20,-3449.875
2016-01-14,train,20,993.2500000000001
2016-01-15,train,20,3799.125
2016-01-16,train,20,10890.125
2016-01-17,train,16,9933.25
2016-01-18,train,32,-7029.125000000002
2016-01-19,train,32,-5444.625
2016-01-20,train,34,-4088.2499999999995
2016-01-21,train,30,-2078.7499999999995
2016-01-22,train,19,2228.6250000000005
2016-01-23,train,6,-762.25
2016-01-24,train,6,181.0000000000001
2016-01-25,train,7,-17.3750000000001
2016-01-26,train,17,884.625
2016-01-27,train,19,-1808.6249999999998
2016-01-28,train,17,942.2500000000001
2016-01-29,train,13,1623.5000000000002
2016-01-30,train,3,100.24999999999994
2016-01-31,train,14,1298.0
2016-02-01,train,12,2977.0000000000005
2016-02-02,train,8,805.4999999999999
2016-02-03,train,18,982.6250000000002
2016-02-04,train,23,6096.5
2016-02-05,train,6,263.5000000000002
2016-02-06,train,2,-18.87499999999997
2016-02-07,train,2,-62.124999999999986
2016-02-08,train,16,4086.875
2016-02-09,train,21,4659.75
2016-02-10,train,14,-1900.8750000000002
2016-02-11,train,27,-3548.5000000000005
2016-02-12,train,14,-0.49999999999991473
2016-02-13,train,9,-128.49999999999983
2016-02-14,train,6,107.75000000000009
2016-02-15,train,20,1710.8749999999998
2016-02-16,train,14,-1549.75
2016-02-17,train,20,1094.875
2016-02-18,train,17,-1118.6249999999998
2016-02-19,train,14,-2323.5
2016-02-20,train,1,-33.0
2016-02-21,train,1,16.12499999999999
2016-02-22,train,25,-919.6249999999999
2016-02-23,train,16,-1450.375
2016-02-24,train,19,-62.12499999999993
2016-02-25,train,19,-10455.375
2016-02-26,train,16,2352.2500000000005
2016-02-27,train,13,2254.875
2016-02-28,train,13,-275.6249999999998
2016-02-29,train,15,-3335.1250000000005
2016-03-01,train,15,1244.375
2016-03-02,train,13,10730.0
2016-03-03,train,22,1765.6249999999995
2016-03-04,train,19,2571.8749999999995
2016-03-05,train,6,282.0000000000001
2016-03-06,train,11,-2793.625
2016-03-07,train,25,-1452.6249999999993
2016-03-08,train,14,-95.75
2016-03-09,train,18,10752.625
2016-03-10,train,27,26871.0
2016-03-11,train,19,-1240.125
2016-03-12,train,7,-1448.0
2016-03-13,train,8,-474.1249999999999
2016-03-14,train,14,-4452.25
2016-03-15,train,14,-1550.1250000000002
2016-03-16,train,14,-870.2499999999998
2016-03-17,train,16,-974.3750000000002
2016-03-18,train,20,4420.25
2016-03-19,train,14,-436.62500000000006
2016-03-20,train,8,1133.3750000000005
2016-03-21,train,28,-5236.875
2016-03-22,train,22,6359.0
2016-03-23,train,22,5064.375
2016-03-24,train,14,-2822.0
2016-03-29,train,10,643.8749999999998
2016-03-30,train,16,-4146.125
2016-03-31,train,19,-336.6250000000002
2016-04-03,train,2,-777.125
2016-04-04,train,22,-3839.2500000000005
2016-04-05,train,6,-2117.25
2016-04-07,train,9,-190.00000000000006
2016-04-08,train,18,-2127.5
2016-04-09,train,3,-1131.125
2016-04-12,train,15,17.875000000000227
2016-04-13,train,16,-4091.0
2016-04-14,train,21,-2731.25
2016-04-15,train,13,10961.625
2016-04-18,train,7,389.3750000000002
2016-04-19,train,24,282.25
2016-04-20,train,9,-3511.5
2016-04-21,train,11,-1812.875
2016-04-22,train,20,11844.875
2016-04-27,train,12,-449.1250000000002
2016-04-28,train,15,-1601.6250000000002
2016-05-03,train,2,421.1249999999999
2016-05-06,train,2,-425.37499999999994
2016-05-25,train,3,3253.875
2016-06-07,train,3,-1023.0
2016-06-08,train,1,-330.375
2016-06-09,train,4,1356.375
2016-06-10,train,9,-3086.375
2016-06-13,train,3,-801.75
2016-06-23,train,9,3500.5
2016-06-28,train,4,2010.625
2016-08-01,train,2,695.9999999999999
2016-08-24,train,8,1906.25
2016-08-25,train,19,7576.75
2016-09-05,train,9,7591.5
2016-09-06,train,10,4538.0
2016-09-07,train,11,12627.375
2016-09-13,train,9,-869.6249999999995
2016-09-14,train,8,-210.74999999999977
2016-09-15,train,13,-30653.375
2016-09-19,train,25,-83458.625
2016-09-20,train,20,-17823.25
2016-09-21,train,7,1220.0
2016-09-22,train,6,-2149.0
2016-09-26,train,15,5747.5
2016-09-30,train,2,-608.4999999999995
2016-10-01,train,1,96.49999999999999
2016-10-02,train,2,-629.5000000000002
2016-10-03,train,3,-4255.375
2016-10-04,train,2,-1648.125
2016-10-06,train,3,-783.6249999999999
2016-10-07,train,9,18356.125
2016-10-08,train,4,-551.25
2016-10-09,train,6,1997.125
2016-10-10,train,17,-6722.625
2016-10-11,train,12,3760.875
2016-10-12,train,8,-444.25000000000017
2016-10-13,train,6,1292.2500000000005
2016-10-14,train,8,-4672.25
2016-10-17,train,6,-2412.75
2016-10-18,train,4,-1551.8749999999998
2016-10-19,train,10,-3172.375
2016-10-20,train,24,-10330.75
2016-10-21,train,27,-15171.375
2016-10-22,train,5,-3505.875
2016-10-23,train,2,-1528.375
2016-10-24,train,27,-5125.5
2016-10-25,train,29,-16610.375
2016-10-26,train,17,-3716.8749999999995
2016-10-27,train,6,-2564.25
2016-10-28,train,25,-1751.5000000000007
2016-10-29,train,6,-2388.75
2016-10-30,train,8,2931.2500000000005
2016-10-31,train,22,3267.875
2016-11-01,train,20,-8195.5
2016-11-02,train,28,1362.2500000000005
2016-11-03,train,24,15180.999999999996
2016-11-04,train,28,-7880.500000000001
2016-11-05,train,2,-991.875
2016-11-06,train,6,-1294.4999999999998
2016-11-07,train,24,-35647.0
2016-11-08,train,31,73798.25
2016-11-09,train,30,18042.875
2016-11-10,train,29,-10542.25
2016-11-11,train,28,-6393.25
2016-11-12,train,9,4949.375
2016-11-13,train,9,-940.3749999999998
2016-11-14,train,27,-25898.75
2016-11-15,train,15,910.1250000000006
2016-11-16,train,8,4825.25
2016-11-17,train,12,7452.875
2016-11-18,train,27,1011.0000000000001
2016-11-19,train,11,808.1249999999995
2016-11-20,train,16,56246.5
2016-11-21,train,12,-1164.5
2016-11-22,train,27,2786.625000000001
2016-11-23,train,29,-6508.875
2016-11-24,train,26,-4058.875
2016-11-25,train,18,-30.37500000000017
2016-11-26,train,22,-2636.375
2016-11-27,train,15,261.5000000000002
2016-11-28,train,16,-7622.125
2016-11-29,train,24,-2592.375
2016-11-30,train,16,-7042.875
2016-12-01,train,22,-8305.0
2016-12-02,train,28,1585.375
2016-12-03,train,20,-5519.5
2016-12-04,train,9,-267.3749999999999
2016-12-05,train,29,8062.500000000001
2016-12-06,train,28,7129.0
2016-12-07,train,14,-3776.1250000000005
2016-12-08,train,24,-5061.625
2016-12-09,train,15,-2881.625
2016-12-10,train,6,-2544.5
2016-12-11,train,12,1036.375
2016-12-12,train,28,8387.5
2016-12-13,train,28,-3285.375
2016-12-14,train,21,-5949.0
2016-12-15,train,24,-3805.5
2016-12-16,train,28,-6707.25
2016-12-17,train,20,-4475.375
2016-12-18,train,24,-5416.75
2016-12-19,train,30,-8593.0
2016-12-20,train,22,-5545.125
2016-12-21,train,12,-1929.75
2016-12-22,train,13,-2040.2499999999998
2016-12-23,train,5,-1043.125
2016-12-27,train,10,3154.875
2016-12-28,train,20,690.1249999999998
2016-12-29,train,15,2256.75
2016-12-30,train,8,-1340.75
2016-12-31,train,4,-834.2500000000001
2017-01-02,train,10,513.3750000000002
2017-01-03,train,17,-4712.0
2017-01-04,train,24,-1699.5000000000002
2017-01-05,train,21,2862.4999999999995
2017-01-06,train,18,5900.5
2017-01-07,train,21,6432.125
2017-01-08,train,19,26.249999999999687
2017-01-09,train,18,-778.5000000000003
2017-01-10,train,16,-4007.6250000000005
2017-01-11,train,12,-704.2500000000002
2017-01-12,train,18,3793.75
2017-01-13,train,21,2615.1249999999995
2017-01-14,train,16,733.7499999999998
2017-01-15,train,19,2684.7500000000005
2017-01-16,train,26,7694.625
2017-01-17,train,28,-13014.25
2017-01-18,train,28,-11193.75
2017-01-19,train,24,-6959.5
2017-01-20,train,16,-4224.874999999999
2017-01-21,train,18,2687.375
2017-01-22,train,16,3798.25
2017-01-23,train,26,502.5000000000002
2017-01-24,train,23,-6727.25
2017-01-25,train,16,822.75
2017-01-26,train,20,8253.25
2017-01-27,train,24,10541.75
2017-01-28,train,14,-1522.3749999999998
2017-01-29,train,16,6712.75
2017-01-30,train,25,-2588.7500000000005
2017-01-31,train,24,5667.375000000001
2017-02-01,train,18,-4623.25
2017-02-02,train,15,-3897.25
2017-02-03,train,8,-2069.125
2017-02-04,train,8,-1747.2500000000002
2017-02-05,train,18,-3447.0000000000005
2017-02-06,train,19,-3252.4999999999995
2017-02-07,train,18,-271.4999999999999
2017-02-08,train,26,-216.00000000000009
2017-02-09,train,18,6706.625
2017-02-10,train,24,5429.999999999999
2017-02-11,train,14,3524.25
2017-02-12,train,5,-979.375
2017-02-13,train,12,-1460.3749999999998
2017-02-14,train,22,2730.375
2017-02-15,train,21,-4229.25
2017-02-16,train,9,-309.37500000000017
2017-02-17,train,20,-5241.5
2017-02-18,train,1,-65.87500000000013
2017-02-19,train,5,69.37500000000011
2017-02-20,train,6,-863.625
2017-02-21,train,10,-661.3749999999998
2017-02-22,train,8,-444.4999999999999
2017-02-23,train,7,-127.49999999999991
2017-02-24,train,12,-2720.2500000000005
2017-02-25,train,3,445.375
2017-02-27,train,16,2308.625
2017-02-28,train,14,2167.875
2017-03-01,train,22,-596.6250000000002
2017-03-02,train,8,818.4999999999995
2017-03-03,train,16,5840.124999999999
2017-03-04,train,5,-1194.0
2017-03-05,train,5,3130.125
2017-03-06,train,16,222.37500000000023
2017-03-07,train,28,-5564.625
2017-03-08,train,6,-2078.875
2017-03-09,train,8,-2446.1250000000005
2017-03-10,train,16,-493.9999999999998
2017-03-11,train,5,-1541.7499999999998
2017-03-12,train,3,-1282.0000000000002
2017-03-13,train,6,-2611.75
2017-03-14,train,5,-543.875
2017-03-15,train,11,-2345.625
2017-03-23,train,8,-1637.2500000000002
2017-03-24,train,10,9924.25
2017-03-25,train,3,-1323.5
2017-03-27,train,17,7552.375
2017-03-28,train,15,2292.375
2017-03-29,train,9,-1799.25
2017-03-30,train,2,1306.875
2017-04-02,train,1,-258.0000000000001
2017-04-05,train,3,-244.25
2017-04-06,train,7,-4332.5
2017-04-07,train,4,-775.7500000000002
2017-04-18,train,6,808.25
2017-04-19,train,4,827.2500000000001
2017-04-20,train,1,-430.7500000000001
2017-04-26,train,6,3718.75
2017-04-28,train,16,239.75000000000034
2017-05-09,train,16,6802.875
2017-05-10,train,1,-497.25
2017-05-17,train,25,75220.375
2017-05-18,train,6,1646.1250000000002
2017-07-11,train,7,-6016.125
2017-08-21,train,5,137.2500000000001
2017-08-30,train,1,-442.00000000000006
2017-09-18,train,8,-5451.75
2017-09-19,train,9,-7990.5
2017-09-20,train,1,57.49999999999993
2017-09-21,train,6,-1579.75
2017-09-25,train,19,2853.375
2017-09-26,train,8,-321.625
2017-09-28,train,5,-2364.875
2017-10-06,train,4,-1116.125
2017-10-08,train,4,190.24999999999997
2017-10-09,train,15,2934.7499999999995
2017-10-12,train,1,69.12500000000001
2017-10-17,train,7,-1761.2500000000002
2017-10-18,train,26,6987.0
2017-10-19,train,9,-2474.75
2017-10-20,train,1,-318.12499999999994
2017-10-23,train,9,-1725.2500000000002
2017-10-24,train,2,-1024.625
2017-10-25,train,4,-1868.5
2017-10-26,train,20,-6096.0
2017-10-27,train,5,-1061.375
2017-10-29,train,4,472.12499999999994
2017-10-30,train,23,383.7499999999998
2017-10-31,train,8,-402.62499999999983
2017-11-01,train,7,-1492.1249999999998
2017-11-02,train,18,19.875000000000227
2017-11-03,train,23,-3313.5
2017-11-06,train,14,-4160.5
2017-11-07,train,9,1212.375
2017-11-08,train,16,-3613.7499999999995
2017-11-09,train,8,4.124999999999858
2017-11-10,train,6,-1986.8750000000005
2017-11-11,train,9,-400.2499999999999
2017-11-13,train,14,-2622.4999999999995
2017-11-14,train,17,-5860.0
2017-11-15,train,19,-1713.6249999999998
2017-11-16,train,9,-2184.1249999999995
2017-11-17,train,11,1549.875
2017-11-18,train,5,-1580.1249999999998
2017-11-19,train,13,-2395.125
2017-11-20,train,11,-2403.0
2017-11-21,train,6,-984.6250000000001
2017-11-22,train,5,2551.375
2017-11-23,train,8,1334.1250000000005
2017-11-24,train,15,-2573.75
2017-11-25,train,3,304.37499999999994
2017-11-26,train,6,70.99999999999983
2017-11-27,train,7,-1100.75
2017-11-28,train,9,-1751.9999999999998
2017-11-29,train,14,605.5
2017-11-30,train,9,-1202.0
2017-12-01,train,20,-877.3750000000002
2017-12-02,train,16,466.125
2017-12-03,train,9,-462.3750000000003
2017-12-04,train,22,-2882.0
2017-12-05,train,12,-477.2500000000006
2017-12-06,train,6,-1224.125
2017-12-07,train,6,592.75
2017-12-08,train,6,347.62500000000006
2017-12-09,train,12,-1383.2499999999993
2017-12-10,train,12,3789.0
2017-12-11,train,23,3358.75
2017-12-12,train,27,1511.7499999999998
2017-12-13,train,6,301.4999999999998
2017-12-14,train,8,-3767.7499999999995
2017-12-15,train,21,-1053.375
2017-12-16,train,13,801.6249999999997
2017-12-17,train,7,153.62500000000026
2017-12-18,train,28,4787.0
2017-12-19,train,26,-1335.625
2017-12-20,train,26,-1337.75
2017-12-21,train,26,-1469.9999999999998
2017-12-22,train,22,-2059.0
2017-12-27,train,4,-96.25000000000003
2017-12-28,train,8,4406.750000000001
2017-12-29,train,7,-358.4999999999998
2018-01-02,train,17,-1211.25
2018-01-03,train,9,105.25
2018-01-04,train,19,-2926.5
2018-01-05,train,27,1628.6249999999995
2018-01-06,train,6,1296.625
2018-01-07,train,9,1574.0
2018-01-08,train,23,5819.5
2018-01-09,train,23,1360.75
2018-01-10,train,24,-6772.5
2018-01-11,train,30,2450.875
2018-01-12,train,22,-4217.875
2018-01-13,train,5,1454.625
2018-01-14,train,6,-1264.125
2018-01-15,train,8,378.4999999999999
2018-01-16,train,8,1864.625
2018-01-17,train,10,1858.9999999999998
2018-01-18,train,16,1096.8750000000002
2018-01-19,train,15,2527.2500000000005
2018-01-20,train,20,1607.0000000000002
2018-01-21,train,12,4318.0
2018-01-22,train,16,-3361.125
2018-01-23,train,5,-532.6250000000001
2018-01-24,train,1,222.87499999999997
2018-01-25,train,10,480.12500000000045
2018-01-26,train,21,-2478.3749999999995
2018-01-29,train,7,-457.75
2018-01-30,train,16,1147.2499999999998
2018-01-31,train,5,543.3749999999999
2018-02-01,train,5,-116.12499999999994
2018-02-02,train,14,1423.3749999999998
2018-02-03,train,14,1160.8750000000005
2018-02-04,train,11,949.0000000000001
2018-02-05,train,20,-3576.8750000000005
2018-02-06,train,16,-1006.7500000000001
2018-02-07,train,17,-178.87500000000006
2018-02-08,train,18,-2997.5000000000005
2018-02-09,train,10,3332.125
2018-02-10,train,5,2943.5
2018-02-12,train,9,-2358.25
2018-02-13,train,9,-975.25
2018-02-14,train,6,926.6249999999999
2018-02-15,train,6,-616.0000000000001
2018-02-16,train,8,-1680.875
2018-02-17,train,6,-1185.125
2018-02-18,train,6,-593.3750000000002
2018-02-19,train,16,-1531.75
2018-02-20,train,8,-35.499999999999844
2018-02-21,train,12,164.37499999999966
2018-02-22,train,14,-668.9999999999999
2018-02-23,train,12,-1417.6249999999998
2018-02-24,train,1,123.49999999999994
2018-02-25,train,4,-2571.75
2018-02-26,train,10,-2542.8749999999995
2018-02-27,train,13,-1697.8749999999995
2018-02-28,train,4,916.0000000000003
2018-03-01,train,13,45319.75
2018-03-02,train,20,26850.25
2018-03-03,train,6,366.0000000000003
2018-03-04,train,5,299.49999999999994
2018-03-05,train,10,-3738.875
2018-03-06,train,15,-408.8749999999999
2018-03-07,train,16,131.62499999999955
2018-03-08,train,12,-462.1250000000001
2018-03-09,train,16,-228.37499999999977
2018-03-11,train,6,-2508.8750000000005
2018-03-12,train,19,2017.5
2018-03-13,train,16,-8445.5
2018-03-15,train,1,-55.49999999999997
2018-03-18,train,4,-395.6249999999997
2018-03-19,train,9,-2578.25
2018-03-20,train,16,-2160.75
2018-03-22,train,5,189.99999999999983
2018-03-23,train,8,-579.5
2018-03-24,train,13,-940.2500000000001
2018-03-25,train,4,2737.6250000000005
2018-03-26,train,16,-2475.125
2018-03-28,train,18,741.625
2018-03-29,train,16,-1022.3750000000002
2018-04-05,train,7,-3031.375
2018-04-07,train,1,-855.5
2018-04-08,train,4,-332.7499999999998
2018-04-09,train,23,5656.25
2018-04-11,train,1,211.62500000000006
2018-04-12,train,8,2287.6250000000005
2018-04-13,train,27,9177.0
2018-04-19,train,1,135.75
2018-04-27,train,21,-1944.375
2018-05-30,train,2,1952.375
2018-08-20,train,2,489.25
2018-08-30,train,2,-634.8749999999998
2018-09-03,train,2,-755.5
2018-09-24,train,7,1222.75
2018-09-28,train,1,-22.250000000000014
2018-10-05,train,3,-259.875
2018-10-15,train,17,1258.2499999999998
2018-10-17,train,17,-4253.125
2018-10-18,train,11,-3639.6250000000005
2018-10-19,train,6,848.6250000000003
2018-10-25,train,1,122.00000000000007
2018-10-28,train,7,-277.12500000000045
2018-10-29,train,8,-2386.375
2018-10-30,train,16,4430.749999999999
2018-10-31,train,14,-4558.25
2018-11-01,train,16,-579.1250000000006
2018-11-02,train,16,82.62500000000051
2018-11-04,train,5,-1605.6249999999998
2018-11-05,train,15,2766.0
2018-11-08,train,2,148.87500000000014
2018-11-12,train,2,-925.0
2018-11-13,train,4,-1507.625
2018-11-14,train,1,-768.75
2018-11-15,train,6,-1316.25
2018-11-16,train,11,416.2499999999998
2018-11-18,train,2,-173.87499999999997
2018-11-19,train,7,-900.2499999999998
2018-11-20,train,6,235.5000000000001
2018-11-21,train,10,-3008.875
2018-11-22,train,28,-2372.25
2018-11-23,train,26,-4942.624999999999
2018-11-24,train,6,-657.0000000000002
2018-11-25,train,6,625.625
2018-11-26,train,26,294.50000000000034
2018-11-27,train,8,-2764.625
2018-11-28,train,4,-248.62500000000023
2018-12-03,train,8,2725.375
2018-12-04,train,26,-5402.374999999999
2018-12-05,train,8,388.7500000000002
2018-12-06,train,6,-1902.5000000000002
2018-12-10,train,16,-2650.8749999999995
2018-12-11,train,16,-2356.625
2018-12-12,train,11,-2370.625
2018-12-13,train,8,-1414.8750000000002
2018-12-14,train,22,-1842.6249999999993
2018-12-16,train,8,-1563.1249999999998
2018-12-17,train,21,-1972.6249999999998
2018-12-18,train,6,437.4999999999999
2018-12-19,train,8,-29.499999999999915
2018-12-20,train,7,428.5000000000002
2018-12-21,train,8,2379.7500000000005
2018-12-23,train,7,-3690.125
2018-12-24,train,16,-1663.125
2018-12-25,train,3,493.2499999999999
2018-12-27,train,17,-4755.25
2018-12-28,train,10,947.6249999999998
2018-12-30,train,5,-3225.625
2019-01-02,train,18,5943.0
2019-01-03,train,30,-3693.9999999999995
2019-01-04,train,30,-8362.25
2019-01-05,train,18,3621.75
2019-01-06,train,18,390.25000000000057
2019-01-08,train,6,1601.3749999999998
2019-01-09,train,16,-3745.875
2019-01-10,train,29,2681.875
2019-01-11,train,25,119.87499999999969
2019-01-14,train,18,2601.3750000000005
2019-01-15,train,3,-227.2499999999999
2019-01-16,train,7,673.8749999999998
2019-01-17,train,8,-2377.625
2019-01-18,train,18,-2481.3749999999995
2019-01-19,train,20,-645.7500000000001
2019-01-20,train,12,1080.7499999999998
2019-01-21,train,18,-2160.9999999999995
2019-01-22,train,1,-217.87499999999991
2019-01-23,train,30,2563.75
2019-01-24,train,31,2790.25
2019-01-25,train,8,-1918.75
2019-01-28,train,16,992.8750000000003
2019-01-29,train,28,-1244.5
2019-01-30,train,30,-8491.125
2019-01-31,train,26,4529.25
2019-02-01,train,28,1707.5000000000005
2019-02-02,train,9,1791.6249999999995
2019-02-03,train,8,-83.37499999999994
2019-02-04,train,12,-3165.625
2019-02-05,train,17,975.1249999999999
2019-02-06,train,13,-592.875
2019-02-07,train,5,754.0000000000001
2019-02-11,train,20,324.2500000000001
2019-02-12,train,8,-3575.5
2019-02-13,train,5,-83.24999999999994
2019-02-14,train,8,1425.7500000000002
2019-02-15,train,2,130.9999999999999
2019-02-18,train,2,-733.875
2019-02-19,train,5,-176.49999999999994
2019-02-21,train,6,57.12499999999997
2019-02-24,train,1,-103.62500000000009
2019-02-25,train,11,255.0
2019-02-26,train,16,-3876.875
2019-02-27,train,14,1247.3750000000002
2019-02-28,train,16,2730.25
2019-03-01,train,18,-270.875
2019-03-05,train,7,107.6249999999998
2019-03-08,train,3,-179.99999999999994
2019-03-11,train,1,-87.25000000000006
2019-03-18,train,10,3029.0000000000005
2019-03-19,train,12,-3163.5
2019-03-20,train,3,-891.375
2019-03-21,train,5,46.62499999999983
2019-03-25,train,8,-1072.375
2019-03-26,train,6,-1317.1250000000002
2019-03-27,train,8,452.7499999999999
2019-03-28,train,6,456.0
2019-03-29,train,4,319.6249999999998
2019-04-01,train,1,117.12499999999989
2019-04-02,train,14,-3551.125
2019-04-10,train,2,331.25
2019-04-11,train,9,-2303.875
2019-04-12,train,1,-316.0
2019-04-29,train,2,165.625
2019-04-30,train,4,506.7499999999999
2019-05-01,train,9,-2844.125
2019-05-07,train,4,388.875
2019-09-09,train,7,-3134.0
2019-09-18,train,4,-579.375
2019-09-19,train,4,-2084.375
2019-09-30,train,2,-714.5
2019-10-02,train,3,414.0
2019-10-03,train,1,91.5
2019-10-14,train,11,3794.125
2019-10-15,train,8,936.8750000000001
2019-10-16,train,3,301.62499999999994
2019-10-21,train,7,-1135.875
2019-10-22,train,2,70.62499999999989
2019-10-28,train,19,-5338.375
2019-10-29,train,15,-3913.2499999999995
2019-10-30,train,6,315.37500000000006
2019-10-31,train,8,-1689.6249999999998
2019-11-01,train,4,-271.125
2019-11-03,train,2,187.5
2019-11-04,train,5,-1061.5
2019-11-05,train,7,-1823.375
2019-11-06,train,26,4590.375
2019-11-07,train,3,-52.625
2019-11-08,train,24,-200.49999999999983
2019-11-09,train,9,-1843.75
2019-11-10,train,8,-1835.625
2019-11-12,train,3,69.7499999999998
2019-11-13,train,28,-8004.25
2019-11-14,train,6,1034.2500000000002
2019-11-15,train,5,-1226.875
2019-11-16,train,17,285.25000000000034
2019-11-17,train,8,1341.7500000000005
2019-11-18,train,19,96.62500000000009
2019-11-19,train,28,23.249999999999773
2019-11-20,train,7,-812.8749999999998
2019-11-21,train,8,1629.625
2019-11-22,train,5,799.0
2019-11-24,train,9,1242.375
2019-11-25,train,9,-491.1249999999998
2019-11-26,train,7,76.00000000000016
2019-11-27,train,23,-3747.1250000000005
2019-11-28,train,7,1916.6249999999995
2019-11-29,train,20,1200.9999999999995
2019-11-30,train,20,-1794.1250000000002
2019-12-01,train,8,401.75
2019-12-02,train,22,-229.12500000000014
2019-12-03,train,29,-1418.0
2019-12-04,train,9,859.7500000000005
2019-12-09,train,10,1612.2499999999998
2019-12-11,train,2,-153.50000000000003
2019-12-12,train,15,-1927.75
2019-12-13,train,5,797.7500000000001
2019-12-16,train,15,-1968.375
2019-12-17,train,28,-3832.375000000001
2019-12-18,train,8,919.125
2019-12-19,train,7,-950.2500000000001
2019-12-20,train,9,-586.3749999999999
2019-12-22,train,4,-62.49999999999983
2019-12-24,train,1,-442.50000000000006
2019-12-25,train,1,32.62499999999999
2019-12-27,train,5,622.25
2019-12-31,train,6,615.9999999999998
2020-01-08,train,11,-1331.625
2020-01-09,train,9,-1075.0
2020-01-10,train,3,1025.125
2020-01-14,train,5,347.2500000000001
2020-01-17,train,3,176.0
2020-01-19,train,8,283.37500000000006
2020-01-20,train,18,-1903.875
2020-01-21,train,31,4810.249999999999
2020-01-22,train,29,8122.125
2020-01-23,train,28,-3644.0000000000005
2020-01-24,train,29,-3072.5
2020-01-27,train,5,38.500000000000014
2020-02-04,train,5,-1259.5000000000002
2020-02-05,train,18,-5534.625
2020-02-06,train,20,1699.2499999999998
2020-02-12,train,5,-45.625000000000064
2020-02-13,train,10,1431.625
2020-02-25,train,5,1544.5000000000005
2020-02-27,train,2,25.0
2020-03-03,train,4,575.5
2020-03-04,train,28,45057.625
2020-03-05,train,27,-6407.5
2020-03-06,train,12,-2650.875
2020-03-13,train,7,-1690.25
2020-03-19,train,25,452.375
2020-03-25,train,1,-600.0
2020-09-28,train,2,-167.75
2020-09-29,train,7,-3340.875
2020-10-01,train,7,-6417.625
2020-10-12,train,13,-1434.4999999999995
2020-10-15,train,3,563.875
2020-10-16,train,6,-3930.125
2020-10-18,train,5,-371.3750000000001
2020-10-22,train,1,235.12500000000003
2020-11-04,train,9,-8308.375
2020-11-05,train,8,-3661.25
2020-11-06,train,8,-1126.5
2020-11-07,train,5,476.50000000000006
2020-11-08,train,1,381.37500000000006
2020-11-09,train,7,5351.375
2020-11-10,train,7,-2531.25
2020-11-19,train,5,-3259.3750000000005
2020-11-25,train,7,-4171.5
2020-11-26,train,28,-8219.875
2020-11-27,train,28,-2931.625
2020-11-28,train,6,625.125
2020-11-29,train,8,158.5
2020-12-01,train,8,2079.125
2020-12-02,train,6,3513.3750000000005
2020-12-03,train,25,2458.75
2020-12-05,train,5,-1877.5
2020-12-06,train,20,16049.0
2020-12-07,train,26,31122.625
2020-12-08,train,25,-3453.7500000000005
2020-12-09,train,25,-6240.374999999999
2020-12-10,train,18,-4185.5
2020-12-11,train,17,-190.0
2020-12-12,train,1,-249.625
2020-12-15,train,4,-2160.5
2020-12-22,train,20,-5030.875
2020-12-28,train,7,23552.875
2020-12-29,train,5,3431.625
2020-12-30,train,14,7043.625
2020-12-31,train,6,454.3750000000001
2021-01-01,train,6,336.87500000000006
2021-01-02,train,6,1618.8750000000002
2021-01-03,train,3,46.750000000000114
2021-01-04,train,7,-3684.375
2021-01-05,train,11,1178.3749999999998
2021-01-06,train,26,-24178.25
2021-01-07,train,25,41373.25
2021-01-08,train,26,112975.875
2021-01-09,train,5,704.3749999999997
2021-01-10,train,3,-635.0000000000001
2021-01-11,train,3,-1851.0
2021-01-12,train,24,-752.2500000000001
2021-01-13,train,27,-32596.875
2021-01-14,train,21,-83788.5
2021-01-15,train,25,-61673.125
2021-01-18,train,3,213.74999999999991
2021-01-19,train,5,-1590.3749999999995
2021-01-20,train,8,6452.0
2021-01-22,train,7,10516.25
2021-01-23,train,7,7329.375
2021-01-24,train,19,-4541.5
2021-01-25,train,7,-3093.75
2021-01-27,train,23,-634.75
2021-01-29,train,2,42.50000000000007
2021-01-31,train,6,-2187.75
2021-02-01,train,24,13765.0
2021-02-03,train,5,-500.0000000000001
2021-02-05,train,5,-2.1249999999998295
2021-02-08,train,4,-267.50000000000006
2021-02-09,train,7,-2185.5
2021-02-10,train,23,-8634.5
2021-02-11,train,24,-2948.7499999999995
2021-02-15,train,2,362.5
2021-02-22,train,4,-1421.75
2021-02-26,train,5,-1585.625
2021-02-27,train,6,2284.9999999999995
2021-02-28,train,5,-1506.5000000000002
2021-03-01,train,9,-2066.625
2021-03-02,train,21,-4120.000000000001
2021-03-03,train,27,7405.749999999999
2021-03-04,train,9,747.5
2021-03-05,train,11,-12338.75
2021-03-06,train,7,-3270.625
2021-03-07,train,8,12201.5
2021-03-08,train,8,-7058.75
2021-03-15,train,5,-5968.75
2021-03-19,train,5,234.375
2021-03-22,train,7,-821.0000000000002
2021-04-07,train,2,2785.75
2021-04-12,train,8,120122.375
2021-04-13,train,8,-9746.875
2021-10-15,train,3,-27718.75
2021-11-02,train,11,90566.5
2021-11-03,train,3,635.2500000000002
2021-11-04,train,4,2299.625
2021-11-05,train,4,-5015.0
2021-11-08,train,3,-699.3749999999998
2021-11-09,train,1,-205.00000000000006
2021-11-10,train,17,-17499.75
2021-11-11,train,9,-3673.75
2021-11-14,train,3,-2741.625
2021-11-15,train,27,-77749.75
2021-11-22,train,8,-21427.5
2021-11-23,train,25,-42916.375
2021-11-24,train,9,6031.75
2021-11-28,train,3,-235.0000000000001
2021-11-29,train,21,-29165.0
2021-12-02,train,8,-12590.0
2021-12-03,train,11,-31274.125
2021-12-05,train,5,-4809.25
2021-12-08,train,2,-2024.3749999999998
2021-12-09,train,17,-14601.125
2021-12-13,train,8,-8471.75
2021-12-14,train,1,-986.6250000000001
2021-12-15,train,8,-5930.625000000002
2021-12-16,train,26,-103317.0
2021-12-17,train,27,-78018.75
2021-12-18,train,9,956.2500000000014
2021-12-19,train,7,-6567.5
2021-12-20,train,27,-66303.25
2021-12-21,train,28,-26886.125000000004
2021-12-22,train,23,40047.5
2022-01-05,train,8,6715.0
2022-01-09,train,6,8311.25
2022-01-10,train,20,-2905.749999999999
2022-01-11,train,20,-11909.75
2022-01-12,train,8,-3681.5000000000005
2022-01-13,train,11,-7451.25
2022-01-14,train,30,-21011.0
2022-01-15,train,11,11970.0
2022-01-17,train,26,-37965.875
2022-01-18,train,14,10376.25
2022-01-20,train,8,-2597.000000000001
2022-01-21,train,10,-4523.0
2022-01-22,train,6,879.2500000000005
2022-01-23,train,6,875.0
2022-01-24,train,30,301286.875
2022-01-25,train,28,38511.25
2022-01-28,train,1,342.24999999999994
2022-02-11,train,5,-5496.25
2022-02-13,train,2,-1291.2499999999998
2022-02-25,train,2,-4618.125
2022-02-28,train,1,-1287.5
2022-03-01,train,4,-8774.25
2022-03-03,train,2,-2398.7500000000005
2022-03-04,train,4,-4713.75
2022-03-21,train,5,3392.499999999999
2022-03-23,train,6,174.37500000000045
2022-03-24,train,6,-480.3749999999998
2022-03-28,train,9,474.50000000000045
2022-11-03,train,4,-1427.3749999999998
2022-11-22,train,8,-17396.125
2022-11-28,train,19,-68273.75
2022-11-29,train,25,-32958.25
2022-11-30,train,25,-10195.750000000004
2022-12-01,train,11,4921.500000000001
2022-12-02,train,3,-426.74999999999983
2022-12-08,train,24,-16073.75
2022-12-09,train,20,3518.749999999999
2022-12-10,train,11,10540.5
2022-12-11,train,22,39730.0
2022-12-12,train,29,-82550.375
2022-12-13,train,29,51280.0
2022-12-14,train,9,3714.8750000000023
2022-12-15,train,23,25526.249999999996
2022-12-16,train,28,-15522.125
2022-12-22,train,12,-9753.625
2023-01-19,validation,7,2006.25
2023-01-20,validation,7,-921.2499999999998
2023-01-21,validation,4,3338.7500000000005
2023-01-22,validation,8,-1307.7500000000005
2023-01-23,validation,26,-19053.125
2023-01-24,validation,26,-11617.875
2023-01-26,validation,3,4951.25
2023-01-27,validation,13,2717.750000000001
2023-01-28,validation,7,1919.3750000000005
2023-02-05,validation,2,1000.0
2023-02-06,validation,6,1133.1249999999998
2023-02-07,validation,15,-1890.875
2023-02-12,validation,5,2103.75
2023-02-13,validation,2,-499.99999999999966
2023-02-27,validation,3,-3035.0
2023-03-02,validation,9,1351.2499999999995
2023-03-04,validation,2,1648.75
2023-03-05,validation,6,5730.0
2023-03-07,validation,5,43775.0
2023-03-08,validation,8,8973.75
2023-03-12,validation,2,435.0000000000002
2023-03-27,validation,4,170.00000000000023
2023-10-16,validation,3,-126.25
2023-11-11,validation,2,212.5
2023-11-16,validation,25,-8437.5
2023-11-17,validation,8,-4676.25
2023-11-26,validation,5,-395.2500000000002
2023-11-28,validation,11,-954.7499999999987
2023-11-29,validation,12,-4116.0
2023-11-30,validation,10,-5602.375
2023-12-01,validation,28,-10774.750000000002
2023-12-02,validation,22,10760.125
2023-12-03,validation,10,-3157.5
2023-12-05,validation,9,-516.75
2023-12-06,validation,23,2881.9999999999995
2023-12-11,validation,6,-1141.0
2023-12-12,validation,2,487.5
2024-01-04,validation,8,-1453.2499999999995
2024-01-07,validation,5,282.6249999999999
2024-01-08,validation,5,-2780.6250000000005
2024-01-10,validation,4,-1797.2499999999998
2024-01-11,validation,4,40.37500000000005
2024-01-12,validation,20,4419.5
2024-01-15,validation,6,1243.25
2024-01-16,validation,8,257.37499999999994
2024-01-17,validation,25,-4743.625
2024-01-29,validation,4,-1955.375
2024-02-07,validation,14,-972.7500000000003
2024-02-24,validation,4,1170.625
2024-02-26,validation,1,-114.62500000000003
2024-03-03,validation,6,-1409.6249999999993
2024-03-05,validation,5,822.5
2024-03-11,validation,6,2299.125
2024-03-19,validation,3,-249.87499999999972
2024-10-14,validation,3,17718.625
2024-10-29,validation,5,-3184.875
2024-10-30,validation,5,-4512.625
2024-11-04,validation,6,-3594.249999999999
2024-11-05,validation,9,-7410.25
2024-11-06,validation,8,-10612.625
2024-11-09,validation,3,-514.1249999999998
2024-11-13,validation,3,-1421.875
2024-11-18,validation,12,-2929.6250000000005
2024-11-22,validation,4,-934.7500000000005
2024-11-26,validation,10,1394.4999999999995
2024-11-27,validation,6,592.0000000000002
2024-11-28,validation,10,-95.99999999999977
2024-12-03,validation,10,-137.87499999999966
2024-12-04,validation,9,-1347.7499999999993
2024-12-10,validation,8,2812.125
2024-12-11,validation,26,-14849.624999999998
2024-12-12,validation,27,-13652.75
2024-12-13,validation,26,-19452.875
2025-01-03,validation,11,736.125
2025-01-04,validation,3,747.5000000000001
2025-01-08,validation,24,323523.125
2025-01-09,validation,5,-2461.125
2025-01-10,validation,28,-48572.375
2025-01-11,validation,12,4146.375
2025-01-12,validation,8,218.75
2025-01-14,validation,7,-3735.75
2025-01-15,validation,6,-3733.25
2025-01-17,validation,3,947.625
2025-01-18,validation,7,-1230.0
2025-01-19,validation,17,-3345.875
2025-01-20,validation,29,-57225.625
2025-01-21,validation,27,-28895.75
2025-01-22,validation,28,-73766.25
2025-01-30,validation,6,1941.8750000000002
2025-01-31,validation,18,-2990.250000000001
2025-02-02,validation,5,-1979.875
2025-02-05,validation,8,1314.4999999999995
2025-02-06,validation,1,150.87500000000028
2025-02-08,validation,4,1174.5000000000005
2025-02-11,validation,1,-127.74999999999999
2025-02-12,validation,4,-109.25000000000045
2025-02-13,validation,12,-525.0000000000002
2025-02-14,validation,3,-2253.875
2025-02-15,validation,1,251.24999999999994
2025-02-28,validation,6,-2353.4999999999995
2025-03-03,validation,2,-344.99999999999994
2025-03-14,validation,5,-219.62499999999977
2025-03-19,validation,8,5461.25
2025-11-06,validation,5,-2325.875
2025-11-18,validation,4,-1235.625
2025-11-21,validation,4,-3098.875
2025-11-25,validation,6,52.24999999999966
2025-11-26,validation,2,-1508.9999999999995
2025-11-30,validation,2,-936.5
2025-12-04,validation,3,-926.0
2025-12-16,validation,8,1247.5000000000002
2026-01-05,validation,7,16723.125
2026-01-06,validation,10,13840.875000000002
2026-01-07,validation,8,-3146.375
2026-01-08,validation,24,13848.624999999998
2026-01-10,validation,5,-338.625
2026-01-15,validation,6,3547.5
2026-01-17,validation,4,214.12499999999977
2026-01-18,validation,2,432.9999999999999
2026-01-19,validation,2,-697.3749999999999
2026-01-28,validation,5,-1044.8750000000002
2026-02-17,validation,2,-898.8750000000002
2026-02-19,validation,6,1735.5
