year,scope,wind_30pct_pnl,solar_05pct_pnl,nuclear_20pct_pnl,renewable_30pct_pnl,non_gas_45pct_pnl,always_short_pnl,revision_only_pnl,combined_pnl
2016,Full data,-543.1250000000001,0.0,55256.375,-543.1250000000001,10933.749999999998,219330.75,,
2017,Full data,22024.125,0.0,168110.0,22024.125,20074.375,209666.0,,
2018,Full data,13979.25,0.0,43828.375,13979.25,-73145.75,18761.875,,
2019,Full data,22998.625,0.0,14659.375,22998.625,11864.125,185467.875,,
2020,Full data,1100.625,0.0,-35333.125,1100.625,3648.5,45110.25,,
2021,Full data,67413.5,0.0,-4344.375000000002,67413.5,141992.0,1011647.5,,
2022,Full data,255819.875,0.0,194819.375,255819.875,288043.0,1225864.25,,
2023,Full data,-51040.5,-13428.125,61941.875,-48485.625,-77876.625,-121425.875,,
2024,Full data,177880.75,22666.875,64414.625,181579.625,148599.875,251280.875,,
2025,Full data,86899.5,23777.0,15543.999999999998,83207.375,88579.5,-3762.75,,
2026,Full data,-13294.125,-112695.0,-3330.625,-13365.75,-52575.37500000001,17665.125,,
2023,Elexon overlap,-40082.875,-13428.125,61974.125,-37528.0,-59051.5,-100850.75,370494.875,283139.125
2024,Elexon overlap,177880.75,22666.875,64414.625,181579.625,148599.875,251280.875,-85231.5,-46780.25
2025,Elexon overlap,86899.5,24684.125,15543.999999999998,83207.375,88579.5,-2855.625,99100.125,38195.25
2026,Elexon overlap,-13294.125,-112695.0,-3330.625,-13365.75,-52575.37500000001,17665.125,2037.3750000000073,-21442.749999999993
